{"cameraMode":{"drawMode":0,"name":"Shaded","section":"Shading Mode"},"sceneLighting":true,"audioPlay":false,"sceneViewState":{"m_AlwaysRefresh":false,"showFog":true,"showSkybox":true,"showFlares":true,"showImageEffects":true,"showParticleSystems":true,"showVisualEffectGraphs":true,"m_FxEnabled":true},"in2DMode":false,"pivot":{"x":-0.07810516655445099,"y":0.10941403359174729,"z":-0.011806988157331944},"rotation":{"x":-0.10012434422969818,"y":-0.6948466300964356,"z":0.09863436967134476,"w":-0.7053415775299072},"size":0.12610651552677155,"orthographic":false}