{"cameraMode":{"drawMode":0,"name":"Shaded","section":"Shading Mode"},"sceneLighting":true,"audioPlay":false,"sceneViewState":{"m_AlwaysRefresh":false,"showFog":true,"showSkybox":true,"showFlares":true,"showImageEffects":true,"showParticleSystems":true,"showVisualEffectGraphs":true,"m_FxEnabled":true},"in2DMode":false,"pivot":{"x":0.017974041402339937,"y":0.09398983418941498,"z":0.026258671656250955},"rotation":{"x":0.1018790677189827,"y":0.5960572957992554,"z":-0.07659873366355896,"w":0.7927671074867249},"size":0.14031538367271424,"orthographic":false}